{
    "test_metrics": {
        "eval_loss": 0.22985368967056274,
        "eval_accuracy": 0.8850393700787401,
        "eval_precision": 0.9040650406504065,
        "eval_recall": 0.864696734059098,
        "eval_f1": 0.8839427662957074,
        "eval_runtime": 4.6451,
        "eval_samples_per_second": 273.409,
        "eval_steps_per_second": 17.223,
        "epoch": 8.0
    }
}