{
    "accuracy": 0.8960629921259843,
    "precision": 0.9352640545144804,
    "recall": 0.8538102643856921,
    "f1": 0.8926829268292683
}